qna_no,qna_title,qna_content,qna_userid,qna_datetime,reply_content,reply_datetime,reply_userid
1,"관통 테스트1","뷰로 만드는 질문게시판1",ssafy,"2020-06-10 13:31:35",NULL,NULL,NULL
2,"관통 테스트2","뷰로 만드는 질문게시판2",ssafy,"2020-06-10 13:31:35",NULL,NULL,NULL
6,asdadkjj,dsdkljfldsj,ssafy,"2020-06-10 09:20:28",,NULL,admin
7,kjkdsj,dksjdasks,ssafy,"2020-06-10 09:27:15","이건 어떻게 반응하냐","2020-06-10 11:57:25",ssafy
8,krwekr,wklflkdsjfkl,jhj,"2020-06-10 09:30:03","이렇게 하면 답변이","2020-06-10 12:08:55",ssafy
